,0,1,2,3,4,5,6,7,8,9,10,11
0,328128.8441296248,-326508.9236946466,-3309733.8289752603,-2077576.2809963757,-2421426.2865839624,12153086.83688977,-10639361.309540601,-10516956.773769977,-11441904.870630236,-1804989.4980397872,706697.1398367782,1092156.8451179243
1,36965.827990338075,-28790.74883225137,-377316.74931829656,-244639.1337672441,-267570.3348939347,1404094.1400870418,-1218381.9024326222,-1214092.2365545242,-1314045.3453664414,-228738.45012295048,60538.09485449554,153435.70992635092
2,371024.3607735883,-638718.1166065275,-3669449.392601169,-1963272.6899692293,-3088481.4835656183,12805910.123636425,-11598414.781440262,-11080310.881179627,-12314771.916539364,-1186323.811022122,1512404.2719131154,174979.5192662202
3,115.55768867939278,1200.2694944993875,-5963.820980814628,-1454.469928947699,-8516.648678797945,23314.856464358712,-19601.257339076696,-18372.74794463618,-20228.337117527437,-5360.07972210483,423.7826822532158,4110.561366140882
4,-137.80208665181678,3486.2841157468633,-7460.218646823251,962.6983116127859,-15330.192389962178,29507.35867080546,-24078.69587863931,-21148.876897611426,-23834.317056660406,-8119.232784345657,51.281142074932944,6533.328384718865
5,141715.32591473925,-299314.5150295783,-1386091.4888800979,-671132.0189396519,-1250166.8959956744,4698418.37382889,-4340523.715575723,-4065343.834151389,-4575142.603445384,-277968.17447783914,723430.9034142935,-150176.5173805061
6,-304.31556074179707,1737.8971830790927,-1305.538381067759,1715.5936156329753,-5697.043131376045,6013.042957861679,-4566.647153751723,-3261.4023910399633,-3914.92437000882,-2464.7464931908453,-281.1571170689086,2136.352374383002
7,158.28919904036135,1777.142492533354,-7164.969858668852,-1385.6911772813544,-11054.847020280367,28032.917432995797,-23444.563817801325,-21742.29909669078,-24025.121725936035,-6491.630062552441,473.39990824077813,4998.970745328076
8,447993.3088184538,-752616.5604852226,-4437194.600310553,-2395861.9233312127,-3709473.946673262,15530936.677680034,-14038396.040584771,-13437223.696585054,-14915938.344800964,-1490737.5662185834,1779004.133197254,282811.11798356107
9,30796.330527020662,-24994.92653959132,-314062.5551972989,-202577.60358864727,-224099.48184067596,1166523.8004010797,-1013600.8072610446,-1008733.5114817473,-1092644.0457065282,-187476.06305282694,52964.51133650921,124023.57905263347
10,-578.0609990205106,5379.390476140275,-7535.429090042985,3778.977208141784,-19986.044609248158,30522.97315767163,-24190.918791325574,-19924.3491737688,-22976.709144234617,-10060.75614130927,-515.5807370160406,8395.955637206525
11,312861.4525672105,-1465319.706698033,-2845279.1458496368,-326696.49214059877,-3815709.675888057,7586784.303323747,-8301956.617997922,-6557254.836600568,-8248145.118192337,1938854.8537864427,3730902.0615774593,-3499023.200221289
12,84098.63045961536,-64691.38911494845,-865039.0265364478,-551065.782628563,-627876.479569872,3212612.096391449,-2790166.4083719295,-2773168.572667024,-3005405.4453171478,-519088.4758522285,145540.31370748108,343976.1853579993
13,82843.56532672548,-69292.63664254853,-840888.6293172545,-542737.8683670146,-598229.4259044455,3119547.1380046103,-2712593.8771934793,-2698875.3927325504,-2924217.138728344,-497428.54736657755,145194.8516711656,326654.94848108565
14,2582.117457679068,-904.3879652445185,-33074.30756435161,-14140.068186139251,-34887.30442110559,119909.41425778228,-105386.70232405415,-99913.97249127588,-110735.1258278369,-17460.919769659824,9340.713743331717,9267.75985033351
15,6048.6524377950045,-1645.7892222326677,-72904.12844900462,-43046.5015678028,-59159.61196622947,275417.70014865993,-236640.11458119765,-234504.71815867987,-253813.53740532626,-50070.1049052683,8858.30598370086,35862.69869433174
16,1516469.3542612172,-1042660.1489019874,-15428658.65434472,-10269738.767176323,-10593857.142969891,57805378.39519243,-49935398.57758914,-50023917.15916808,-53975141.068913266,-9823316.242008504,2034769.8957655765,6882129.00444515
17,1959.421954798867,1144.6460109962306,-29147.692031855728,-14421.512145146538,-28568.687679790455,111114.16610146682,-94804.49679743595,-92554.79246038092,-100634.06880005961,-21696.986384599455,3118.0624626497497,15913.52034228311
18,108380.55273257395,-105751.14709628074,-1096228.1863893326,-687788.7185060359,-803594.7452098295,4028655.7063570446,-3524804.498652608,-3484941.0182317505,-3790652.5655881222,-602287.468790461,230673.7032438511,367090.48776335455
19,105779.96315911043,-70830.20453865161,-1088623.992105209,-711406.6168342038,-767610.292553645,4072725.382890843,-3520593.896509828,-3517737.5641199616,-3800235.5830326746,-688566.3332624759,150842.68715271674,478148.82538319804
20,3041.2419873851595,-4899.351093969906,-32215.13940783414,-15361.828924887961,-30234.185657396712,112180.61647068722,-101743.96189052552,-96002.53806263903,-107260.90726622553,-10315.997309464052,13860.24015483752,1153.928908266405
21,82290.10143082123,-73594.90543926212,-833060.1412178369,-532872.0308853905,-597854.3938343466,3079400.9912546137,-2684052.548014074,-2664677.093240641,-2891174.225281399,-479207.14223082556,155746.5031840153,306467.85710056184
22,-1314.0028189883758,6894.250355628781,-6681.647498211498,6996.509771836952,-23875.92907123733,28794.031057907632,-22084.222505024405,-16594.84159722171,-19747.58875857872,-11533.396062381467,-892.9431807948068,9781.347786429325
23,23980.82928997736,-23608.007667756257,-242816.63471860683,-152139.3244922442,-178234.63379490052,892216.6911294054,-780885.8623605026,-771875.5997089874,-839679.2147590296,-132941.24053280547,51551.11929199851,80697.5292052744
24,107395.90810906036,-251864.33708387672,-1043912.5339302333,-472711.6529248699,-980590.3200943492,3474421.868532921,-3250046.9440813283,-3006023.5045385435,-3410038.0465761265,-131239.22709184437,614714.9831522509,-212401.8608178229
25,46641.3574139455,-38633.39134156832,-475378.33378122805,-305104.3965644833,-340961.3150130345,1763052.319713608,-1533227.0676296286,-1524347.8287352026,-1652159.5095557717,-280921.877204727,82779.47342095125,184073.07980462964
26,24725.15334192721,-113381.3579535726,-228179.60341176612,-27400.1390823871,-305632.0552432737,615530.9684550709,-667728.0909879388,-530498.5302145989,-664330.8941618117,146364.67634317337,291741.1536606053,-269371.3510435289
27,2050272.3126212244,-2771834.921840359,-20477451.760394663,-11936430.416049078,-16069292.604015838,73380003.76651822,-65290459.94070428,-63499017.92290453,-69787415.79682495,-8958684.4044291,6346909.078115527,3949873.188186099
28,-497.8989199064593,3225.622798384204,-2374.9264030937697,3358.607716146136,-10254.263394090969,10396.614078239649,-7765.136473561503,-5304.6074424828985,-6551.923039554606,-4476.534335430597,-552.0217773423775,3902.255805801236
29,3172.131785273972,374.03381320284166,-40275.88237631057,-19916.279276092755,-38695.748043032945,150112.57295290232,-129460.6770479166,-125616.4192204905,-137335.49452991373,-26438.3008466878,6575.734437734714,17953.60161220637
30,77093.65311215061,-68616.70417857186,-782951.4214554814,-497841.5734876088,-566683.740760794,2892695.907844578,-2521949.8944151257,-2501550.2118473174,-2715336.940396038,-449094.5205853889,148179.1597137031,286060.4580860957
31,146610.28705693324,-143289.61852356087,-1480138.5833198235,-931975.925546773,-1079600.0962354275,5441254.235231658,-4759887.2057085745,-4708576.527594557,-5120292.879443116,-814896.0717094156,309255.2995892317,498148.69734177407
32,496329.0817218234,-444412.0918302165,-5020470.667196074,-3212998.135782764,-3600151.5388132543,18556307.844140604,-16174193.24592749,-16057977.565433322,-17422992.06903513,-2886926.380773788,938792.7219471333,1846015.3191087744
33,83401.19294726008,-60672.328082934044,-848767.6348161979,-560708.5358751784,-587945.8708900373,3172488.481936213,-2745111.210673871,-2745365.790212921,-2965218.8083140138,-530865.0759801003,120666.02493407133,366374.06849159364
34,145076.20092395062,-126849.49278301088,-1469090.3367499588,-943312.1735134027,-1050015.401257004,5437287.446414938,-4735149.561557313,-4704967.193347154,-5102234.495609127,-853644.2586541763,266951.30232880363,551367.0749232839
35,184704.71038516768,-201742.73960940953,-1858739.9798482275,-1143596.60740904,-1387587.3100475278,6780376.019073636,-5961836.188979053,-5867231.504313993,-6400762.513065367,-959123.536612372,445770.0767182616,543952.8746078762
36,476391.0238968859,-1951846.7875099776,-4404752.857505944,-900049.982547626,-5437312.052508038,12512809.834407743,-13078993.44086504,-10819548.079052616,-13196310.253682256,2065295.8020645315,4937238.011527281,-4226066.930402405
37,4246.410314554683,-3327.298444762608,-44303.66379073207,-28376.765850705004,-32196.355224987405,165076.30609372928,-143358.4134383533,-142600.30676598274,-154417.84736064245,-26764.118955760834,7341.821946245252,17818.505602725247
38,-1062.2368087358398,7148.814152764578,-4816.6229804682425,7672.606730124167,-21869.007810959425,20745.92548426258,-15186.47358429848,-9814.425640638714,-12456.374574891517,-9475.485734281869,-1275.351058480696,8316.73670858381
39,52735.567558251474,-137392.9156642419,-508872.8120615504,-212651.059271654,-499064.221544276,1658707.3849493999,-1574084.4087901735,-1435116.470022337,-1643005.152234783,-21096.26162622305,337992.1265718009,-158039.9215333403
40,119814.8196990655,-290839.0105846962,-1161325.8753198679,-513707.3153059039,-1104970.4945655724,3840223.3457158026,-3608249.040672266,-3322836.103974074,-3779981.318303097,-115403.57242742532,711077.4341512185,-275111.90268552746
41,175837.16969057394,-240416.34481658146,-1759160.0766449764,-1017363.5179583301,-1391582.2177857794,6294367.268259316,-5605880.728295743,-5444687.365649236,-5988477.002609755,-758719.7618501548,555941.3481484923,324979.3235417617
42,13639887.332384583,-10736128.616733687,-138355678.46656913,-90409917.28462337,-96994227.14175646,515021958.18216676,-446802035.1888488,-445692662.3951197,-482167025.183354,-84011249.83591506,21885674.365029126,56534869.11244168
43,463517.4991518255,-497002.25757328246,-4667540.994258123,-2882367.9046326405,-3472037.038692815,17048128.742136545,-14976943.737264605,-14751673.897842782,-16084651.705827186,-2435701.450101257,1095211.4917388924,1400448.813199909
44,6968.987891734015,-5114.436708514763,-72335.99618558516,-47566.819017964495,-50520.8790678879,271005.58847619995,-234439.8451835667,-234421.39636157255,-253142.46834001207,-45626.37719696286,10207.36147912906,31572.858458241863
45,676377.1623123201,-838901.4176241858,-6775945.0803335635,-4046162.4429827416,-5202765.218367629,24470588.010752063,-21660511.45041885,-21176088.063778847,-23197686.519401,-3195115.5807155957,1893770.1538116494,1600310.9372141368
46,42708.65923830521,-84657.72411096265,-419458.03137884283,-210271.85083408136,-369945.8781119835,1436226.1356986482,-1317933.8519992589,-1242746.3950011136,-1392576.7299068025,-101458.84120232021,203431.5070445668,-23412.30964396393
47,-42.908782382278645,872.8016341329401,-2158.7079780695917,83.4226566615875,-4363.62482533082,8799.76687856294,-7295.616196911814,-6496.752783707016,-7262.400880143838,-2256.4441567692134,81.12610856780594,1780.2109219253612
48,42154.75716716273,-35045.31540516925,-431053.1506129859,-274625.1079709091,-312231.2361134903,1597079.0324449306,-1389706.6687756148,-1380022.670960426,-1496647.501567365,-253063.71624805985,76926.33879823868,164598.8315351941
49,185831.0300657499,-177498.8565405261,-1877152.798344919,-1187123.98589231,-1363090.910391965,6910859.548131093,-6039575.519687969,-5980265.809543937,-6499279.18706313,-1045867.1577174447,381115.8214206924,647523.4419647531
50,46492.713642399736,-38575.677066415534,-475453.30185045185,-302698.1474042698,-344739.1452181489,1761527.303961495,-1532779.9045852856,-1521962.8002237633,-1650655.7579215742,-279136.1993207857,84891.8352088644,181536.41458804635
51,118377.86424113782,-97234.7761668609,-1201116.5596781494,-778401.9146958849,-850279.3328447189,4460492.878357641,-3875804.024782565,-3859420.408201934,-4179625.9065257646,-716404.9312019114,201873.69789685644,474203.1954197515
52,7354.416850617158,-2909.719966750339,-82960.79392694443,-47506.367500804685,-69057.10289185967,308826.9899606081,-267219.2844501303,-262812.5083315541,-285884.1985023166,-52218.811415372635,13521.825277880636,35182.817164095126
53,105609.64180996516,-81030.62048776787,-1078133.907658003,-698819.380438196,-765098.2760932065,4012976.6369184195,-3481120.292791791,-3469143.42136532,-3754497.024778387,-655582.684740463,171401.37631352508,440851.44126946403
54,55305.813283526324,-38484.176615667835,-574319.9673768735,-364961.48434932536,-419760.92999720055,2138873.4531069146,-1853817.2014041694,-1843698.5542295713,-1996755.2515280785,-352881.1056033508,90455.83508413733,238233.1677176324
55,5228.202691517694,-7058.875595830184,-52961.01128661181,-30305.676482092655,-42545.8240354207,189880.8700093071,-169098.4506831573,-164085.30151622748,-180485.8045803,-22965.499386914573,16760.09443233589,9870.977954684378
56,414.925542710921,539.4186802594301,-7188.039159302157,-3060.381344146257,-8129.960129140491,27455.237559498473,-23477.306148101845,-22543.985708104094,-24667.34914004626,-5290.708162947393,916.8128255042109,3799.0521811612703
57,94748.9637309957,-70644.55453853558,-965228.2465189447,-632569.7005735798,-675494.2792226564,3601087.201701911,-3119460.9270451935,-3114997.831391791,-3367392.4549984937,-596227.8952962747,144355.7947631765,406908.5212198108
58,11037.947049333607,-9829.286294086685,-112465.0733070549,-71960.13662241022,-81037.31474136375,416274.53025623155,-362773.1648120994,-360195.60999529914,-390708.88506308757,-64904.82628415839,20908.263833217705,41604.36673043777
59,142987.21239983954,-141979.9941637567,-1443846.03525104,-905229.4615517431,-1058245.044970656,5301536.286473324,-4641257.690361534,-4587144.287203053,-4990893.557428789,-787433.6336336547,308558.16342773644,476323.13590948604
60,824535.186646776,-717442.7029734695,-8346533.142846548,-5367044.915546585,-5955228.781109527,30900452.582805805,-26904268.88637404,-26739929.13245713,-28993417.505362067,-4861701.842463348,1505238.9409884734,3147992.2795669073
61,70083.440497674,-49846.183243718115,-715531.3583306713,-471866.51401312,-497380.61867128866,2675841.548533092,-2314484.2135740216,-2314589.2967228717,-2499799.211151696,-449542.12168600044,100412.65390629096,311165.3971813266
62,5799.457094450999,-8008.213932657465,-59060.80618024451,-32911.97690319017,-48659.49531664492,210768.27219652492,-188181.54541634518,-181828.3088762763,-200485.53735181593,-24651.251665965447,19662.14500246879,9730.421853890908
63,50810.30794209019,-53925.148610091914,-512114.51941094315,-316995.1557092295,-380128.7336445209,1872241.0555802016,-1643955.5372722102,-1620109.6734992852,-1765867.7487778976,-269064.58709926734,118559.29495828619,155958.93494663943
64,13694.130870223476,-14336.30759468357,-142781.5152333791,-82362.03059931159,-115176.68988761556,518426.63310553395,-456913.24156484636,-445800.2368606246,-488342.34906385955,-71654.47672505936,37313.42573885101,38560.10842029594
65,784172.547250031,-711555.1107275716,-7928533.091390573,-5063428.307974029,-5697733.502499678,29282216.75221586,-25536212.478262465,-25340267.316229224,-27502833.75938664,-4531462.333772886,1507110.5059023984,2880225.452820832
66,-439.9924576028184,4188.0186592761775,-5117.4187421738125,3669.664936660514,-15474.50481988627,20299.661318593226,-16119.425800835586,-12469.46237784267,-14819.713843695487,-6658.427984475252,-17.05449068421966,5388.677469942632
67,9285.210800922596,-8181.03225013675,-96453.3314597987,-58898.83215145117,-73524.47337612504,355007.33204260515,-310229.26097660296,-305923.90443061985,-333014.0723122322,-53985.489655080804,19963.59907418358,33272.31141825187
68,57285.14814584702,-88811.08526541664,-579247.7752659542,-309383.3156218907,-492246.7475884923,2038495.2391233018,-1834822.6986376236,-1757659.0705044349,-1948836.849203642,-210659.07756411526,220597.12308270755,55918.8327147007
69,632164.3681471059,-509299.46814493247,-6419709.403655135,-4165841.238715729,-4539483.316503896,23858290.534080487,-20719218.119558617,-20640230.41987448,-22346486.061751127,-3853307.5231079557,1058476.3996210152,2564748.8839752525
70,2927.927441055696,-15329.52334995434,-29422.95908952315,1378.1437995755718,-46534.03854430949,74635.07445611735,-84571.75790835962,-62696.02600177927,-81904.80040971347,24216.917579021778,43123.85745961014,-41903.713567942075
71,2125.823130867713,1147.4998551641227,-29162.33268844615,-13145.560466812762,-30135.303075373362,108944.23839473448,-93665.48322088734,-90241.94146799219,-98907.51812885716,-19908.350678267278,4528.605811473975,13737.971817428359
72,18078.893250611574,-55012.27665820272,-174287.55295716858,-60188.13610339798,-186698.33070400194,546718.148369522,-532673.4020023877,-471857.28211176867,-550054.2603697466,18450.08588135068,139243.3810907987,-87035.14532028837
73,16887.24251351538,-12975.639576370791,-172695.20566421427,-112427.2957294572,-121861.71489126474,643592.1045249426,-558076.8011598655,-556631.50846901,-602094.8246371006,-105590.66015596357,26935.13628305757,71352.3457301162
74,13031.679600899755,-11155.417390958559,-148375.2336571363,-97941.6300720618,-102975.08218328787,560536.737001273,-484117.27150415274,-485232.06410183205,-522994.9347098758,-97152.17874093435,20033.200890634285,68109.93021877614
75,48722.510918581655,-43742.944591154075,-494110.54871664906,-314968.0714075229,-356382.3543455661,1825612.9189918772,-1591774.76888817,-1579328.406991815,-1714107.244765245,-283163.3399942528,93509.81998174374,180325.27742372124
76,850998.9091294559,-625224.4019921283,-8655596.143553872,-5697134.336253761,-6023766.785281573,32319986.88252707,-27980710.69310073,-27962953.550376344,-30215342.077320587,-5380203.773249731,1260939.7155963613,3693435.400046343
77,233528.92657364142,-195804.18176969315,-2366707.34895383,-1530570.5970489723,-1678507.2492814101,8780162.034657562,-7634327.299262828,-7597779.334788112,-8231215.943788332,-1400625.9817319007,407242.2079307815,920596.1378245004
78,-2106.6380819272167,2270.265542009626,-1841.2310879788554,4986.45380994569,-11669.763309587257,12440.110150974024,-9516.18970367647,-6954.25917814396,-8006.503657203913,-6509.266684261453,224.27186370976395,5142.880195815711
79,110808.64721161578,-92385.74621629472,-1130476.652902018,-721717.2614835139,-816059.8615511572,4188393.5863217227,-3644309.104835303,-3619928.7683445,-3925443.995139943,-663898.1013809759,201101.11782579403,432184.68922377203
80,29517.484539374196,-371308.6118904329,-210349.71763533918,306391.7795054231,-676779.2498252845,-79160.62425919027,-424532.674959534,73567.23651829129,-252590.53283960826,923411.8872115397,975049.6427790228,-1251099.7145278037
81,566.8265134973643,326.7721089071834,-9264.784563310835,-4638.6138437208765,-9321.761007252073,35600.35894691456,-30458.757598134576,-29693.422933034482,-32279.273413109564,-6845.099331544179,1072.3916554319158,4973.833305226934
82,4203.722820239451,-1776.7714108704538,-47391.42989883108,-28873.487725179137,-37338.12870205324,178231.40319979461,-153659.13704659004,-152436.38202547995,-165012.50937122482,-31128.384945637146,6393.07680333601,21836.204724054314
83,746.2853201453984,3150.1342850935425,-17891.744296615703,-5301.8136995598925,-23543.78566100831,68816.9562847283,-57889.839032606804,-54696.892512342325,-60150.073411178906,-15223.81987252149,1348.4424312514898,11601.242124829929
84,127642.47994273007,-102912.3670218745,-1296190.585914763,-841891.9827112592,-915478.6802145806,4817966.227784965,-4183857.7363807242,-4168518.249896251,-4512738.12389902,-778565.8015116447,213113.34746918103,518600.318035769
85,-538.1666521064656,3587.5497911309344,-6599.828748249243,1848.704641708929,-15497.849447565039,27369.03980849399,-22071.386642787314,-19089.112386226057,-21523.738319883305,-8313.78113443652,-98.45394407180574,6767.689437777349
86,102869.04888897263,-109061.20960178917,-1036792.4534133229,-641467.1466729522,-769896.6144336849,3790000.6709264726,-3327836.109798254,-3279367.0077503286,-3574553.7969621434,-544691.4028430836,240118.1992414006,315666.87430806924
87,15247.301153067412,-16050.45051393859,-154159.79646683217,-95323.49494271397,-114680.8428857631,564063.4885018611,-495148.81580146484,-488002.01821398153,-531828.9002104866,-81331.31043722053,35480.59984964347,47327.17150877389
88,10649.191059608125,-41664.086688098236,-100476.49021335688,-22174.218409766334,-122800.3655050817,291106.2610207347,-300099.3068936799,-251007.4775547833,-303722.69534416415,40212.36213763432,106783.29256694591,-87802.25442369684
89,85596.19103147081,-61951.20279038232,-871609.3261423204,-575661.8670173681,-604084.1865562502,3258268.266148951,-2819065.979751314,-2819366.5226001814,-3045074.361202463,-545741.7907573254,123496.77359824254,376926.2700033193
90,76702.83708524592,-69466.75410517897,-776911.7423316966,-495063.34574093524,-560117.0959053724,2869092.6483268016,-2502274.448918486,-2482330.442398443,-2694515.6004085243,-443731.0045288031,148232.12940006074,281699.6434596018
91,67584.0955883888,-44079.320287625276,-724578.3322945959,-473023.2880356049,-512594.09967252216,2725091.3272457933,-2350733.8446646375,-2351946.3292061,-2537794.993478761,-472663.4863704555,92965.92474482706,333703.449342211
92,103277.87823938593,-82115.18417192312,-1052874.0159558828,-679655.0013980098,-750312.3152531899,3912469.0223730337,-3397724.3208854957,-3382577.3812238546,-3663194.4821277796,-632101.261464185,174477.39796072282,420287.39834710717
93,3190.6954583840634,-13244.56613804226,-41121.3013275832,3041.9093850367008,-69230.15739743966,115142.25027044023,-120448.08966870321,-92437.52769445993,-117056.0390568576,18469.52734599447,48570.4922753437,-40080.376475295896
94,11305612.86628526,-8133827.3722350225,-114890986.76956877,-76029370.494402,-79414753.76838721,429555371.3137531,-371579771.7732651,-371732345.1484404,-401433334.288294,-72058376.77603777,16122107.708100218,49863843.1840342
95,2549552.3909541755,-2027020.4757907859,-25856994.042358834,-16870192.672701057,-18158639.07544582,96201212.29019685,-83487188.53335626,-83250656.4496885,-90083140.77386527,-15639442.678335091,4145202.045327903,10487696.435144039
96,728477.1486660792,-758362.4062197737,-7340705.804113108,-4563160.445436461,-5424455.194829862,26869042.044114638,-23571345.797431003,-23250336.19515254,-25328661.30263778,-3900310.0261376523,1659893.873242163,2291180.889741254
97,281244.1752016925,-260372.16497408782,-2842900.009958939,-1808483.0865477477,-2051640.0195552744,10486581.946397545,-9152610.963689188,-9074634.806372896,-9854206.50856729,-1608932.7193714199,554745.0458404882,1012477.348604777
98,41476.196403535185,-33877.02216543741,-431660.0074674312,-264668.7375095345,-327849.75426294573,1592757.408716576,-1388697.332845195,-1371461.1195279625,-1491491.0402339362,-247773.11671530834,84219.88338546545,156547.9937918931
99,-174.22346598560412,3882.388311297992,-7913.683466827425,1268.540841095807,-16777.272132459453,31351.51936920985,-25518.966938083122,-22266.9996627921,-25154.598755649513,-8718.305082923041,44.89200047917837,7020.340353196934
100,64625.50951060605,-43304.93649669906,-666382.524383374,-434478.099759628,-471545.189150174,2492632.646308105,-2155042.403596135,-2152529.3520900407,-2325772.631833317,-420894.8417332542,93141.07718914376,291789.18051307806
101,600599.1198752515,-447998.2960311347,-6109615.9131251965,-4009046.069440638,-4267491.440549974,22793937.06702782,-19744351.487336837,-19719406.1988742,-21315753.972122263,-3774854.7872862522,911195.6104844817,2577660.5872151908
102,28220.65603612178,-20191.256363310487,-289450.457192302,-189774.19057546026,-202910.39863103247,1081816.6976819283,-936166.6366973249,-935348.2307766704,-1010645.3654286125,-181062.01829290675,41596.0798562784,124730.44507055922
103,1314261.0746674354,-939795.20326312,-13369185.83719714,-8839326.698054822,-9254538.893438334,49988921.454955466,-43238799.85747801,-43253376.075041875,-46710016.67498689,-8392574.72172564,1872388.011221581,5810364.017706081
104,-450.5567535815552,4459.529395312434,-9346.676313788887,1539.1373350676101,-19817.669088570063,37827.8522667274,-30727.5979694514,-27022.13110827636,-30357.428969007284,-10905.355509011832,-17.557670395879263,8819.724112395717
105,61767.7435937436,-55858.3403682254,-626533.5120800899,-398184.0742906228,-453341.537801629,2313205.1608896097,-2017734.896146346,-2000877.8339306663,-2172316.4980638833,-357322.1235979732,120238.99998958423,226391.39842360473
106,193701.4105470452,-574569.8767063039,-1849889.6703977094,-680256.5489383726,-1924476.105726271,5847446.76714069,-5667839.07348406,-5058372.526991129,-5871100.107890632,144854.3936001602,1426934.0162305643,-856192.0749050176
107,364739.77740746463,-340432.85756084137,-3685555.814594315,-2341590.9231199273,-2663135.082394676,13588407.876630303,-11863665.645122439,-11759020.965509878,-12771663.265060596,-2077806.2547668738,726249.003606473,1302434.3877253938
108,996.507168863692,-704.2842054345001,-11013.275422391196,-6930.625290703282,-8302.328676457117,41350.74455152312,-35912.18508684664,-35635.78798688591,-38620.07837796101,-6925.526929009382,1752.28438196363,4686.49037242108
109,239125.50147484292,-180290.33147351912,-2429036.338330898,-1596654.8385500177,-1692074.3427335443,9061705.908925755,-7850315.328568872,-7841663.864458153,-8476034.503131745,-1498779.406913649,363146.77834561915,1022735.1390260156
110,502557.5098117755,-350740.78627759084,-5118862.249724256,-3391664.3262217324,-3536167.655068267,19159639.078361742,-16561350.921738606,-16576478.427973308,-17894426.726783235,-3237514.6460743784,696320.4004263773,2254855.7893096157
111,24261.320458241233,-15726.180137912535,-254696.11175972194,-160445.51040069523,-188527.65276385276,949457.8799288202,-822246.8092636907,-817274.5381132945,-885177.2507759443,-158126.23555728872,39255.13228783032,107414.61071421162
112,56229.58918375187,-70049.0964104093,-564057.035197484,-335735.34054210875,-434800.66038210155,2036125.4857344327,-1802990.4922074967,-1761702.1479476627,-1930431.202475427,-264687.71877586376,158947.29318937907,131501.87949047406
113,68622.80583173143,-84635.7622652435,-688446.0265360669,-410912.93607351254,-529157.7410551917,2487260.703083221,-2201173.9994423217,-2152083.9125981587,-2357325.4348401017,-325695.25876770844,191644.36710542304,163852.13493516285
114,23822.035428313826,-24718.63898137089,-244011.7691799553,-146658.66023869594,-188033.08283140804,890183.0168656461,-782429.2113316259,-767996.8440344206,-838689.5238723847,-126686.94420700132,58852.41428284343,71862.71083385062
115,39591.83099333643,-27640.834498614942,-406067.5579249109,-267480.94280100183,-283129.3185357383,1519719.343998195,-1313983.3267294639,-1314095.924454535,-1419073.415747883,-256361.06603171522,56218.26743429986,177989.34490454558
116,21040.669619291133,-18600.504244849235,-214320.21163005862,-135983.0722318438,-155626.73398023233,792180.7788851935,-690592.1074399898,-684892.6350726804,-743432.8180621158,-123152.601346738,40503.16338775004,78512.4010241132
117,32727.794429022808,-40088.245867727965,-328610.6631897783,-196427.69693665873,-252315.37637180008,1188182.6260231214,-1051107.751019594,-1028056.522814438,-1125801.597534423,-156341.81939273706,90741.67467957831,79301.78970373046
118,84577.26266360159,-344169.11120763427,-783280.8969505375,-162998.8243724332,-963675.378823399,2231786.2530193124,-2327857.821621508,-1929592.5314477023,-2350248.2964327876,359207.1738339426,870865.5662666266,-741316.6734346859
119,-780.2571846274326,5045.758226200582,-3565.8998383301273,5401.565554378352,-15719.974315484442,15425.595181793116,-11364.184454827806,-7546.938020354066,-9448.674986584896,-6893.515409117595,-918.1038211724818,6045.645327097097
120,37273.03724025614,-33643.90908555779,-381258.9662291226,-237727.0825030287,-282660.4769609984,1404617.6125776598,-1226585.678060381,-1212897.3489531733,-1318717.0955429573,-214612.64879206763,76589.11135586836,133709.4290560579
121,2602.5108394604044,8046.053018683761,-50154.60840149445,-15619.142803076913,-63552.577800465195,190545.54401012405,-160696.04133324514,-152028.24830628705,-167376.80886155064,-41043.40861041145,4360.19407286868,30902.341900497784
122,-2720.706643857666,-4467.21336129033,-43290.47498913027,-18957.37880770203,-43356.48532997218,179318.8769981029,-153898.39907991156,-151649.01809192126,-163087.9002688621,-39751.40903662918,8461.305854834498,27731.503551528796
123,21095.513948917607,-17128.826873285343,-216831.81624259436,-137572.30861407472,-158141.66049961286,803805.1271613068,-699183.992454483,-694085.5971642354,-752773.1869592908,-127886.95950782354,38394.219139090346,83429.68931592572
124,199175.02936603344,-229947.22491934305,-2000519.0773343302,-1215858.566232363,-1510997.498948567,7267237.954003699,-6407694.704669906,-6288781.332023437,-6872405.221080971,-995138.6461496147,512864.15924993175,538293.4453755268
125,135335.87148157708,-110315.56600683606,-1372403.2412135287,-891897.8052265563,-968111.637567245,5099837.365285846,-4429650.714753401,-4413260.859800608,-4777970.94761838,-822106.9719231445,227269.83963372002,546443.4987139227
126,254807.05066678848,-223614.06883012087,-2582002.936412478,-1653844.7929218505,-1851177.6016011897,9551745.294335768,-8320490.131150945,-8263883.520809103,-8963811.887827108,-1495639.1923173266,473922.7829548992,962815.571522812
127,3055.4354858327447,-2064.3973708937606,-37234.01304492448,-23293.25428577758,-27994.580354154645,141095.50283354905,-121724.83466625438,-121317.80858831177,-131022.48316379743,-25131.500079281857,4977.365733557119,17724.544176346044
128,137444.60564938848,-295527.42569206643,-1342583.6398841683,-643761.1090335831,-1218250.1405222695,4537701.458871971,-4200350.351294952,-3926508.1765975985,-4424326.934882544,-253152.58956913502,714977.3080186684,-165845.99271612315
129,2861.519898135843,568.5762155307897,-41584.747751300834,-21961.642587118025,-38228.427604057004,158472.11418165438,-135534.73191895962,-133107.64831149112,-144417.77741510043,-30421.58523925736,4708.37660023373,22138.415823904466
130,692.4702578664708,-2126.9257286887077,-7371.214703547678,-2077.5219428345854,-8844.58944200724,23259.68966341155,-22706.65481584463,-19791.225835980335,-23220.388557965518,777.7389164746015,6003.3641797158125,-3738.7595827439445
131,3718.7724540951695,-221.89349846291776,-45619.45040408037,-25737.102796416806,-39240.04741429072,172245.41448909132,-147842.134253241,-145757.39443150818,-158078.36501141492,-31567.585241137695,5537.5979297016665,22634.387827845363
132,46738.532278492,-200088.78121291136,-429589.7911641388,-76553.29287936527,-543469.0324349973,1197658.7703698634,-1269089.6696511062,-1035893.5122560046,-1274744.4140555966,229510.8537446047,506516.2687530793,-447800.2678621495
133,12067.484439847634,-6694.900314855197,-129836.76998296588,-82608.7528245545,-95528.95679709215,487637.20041404193,-420567.44049362716,-419397.9236568061,-453179.1212329365,-84652.33450292911,16924.548207979187,59622.54656032289
134,1740.3400888407846,-1063.7558951830545,-20883.899878448683,-12951.349504214757,-15941.966990749179,79118.99167336579,-68262.24029639004,-67964.46120368213,-73408.88513238476,-13995.529194439236,2795.7653341823943,9857.999177195912
135,1131345.5761043946,-1081864.0947270575,-11426037.441573275,-7223760.184680711,-8299298.422090738,42059910.68643471,-36759367.3474276,-36395856.09015985,-39556441.38514671,-6361121.924322181,2324062.8851849926,3935200.3891874673
136,1032.1094940848914,-339.80603057689984,-11371.340024439549,-6647.963225487947,-9377.066627281907,42332.68910304614,-36890.03029924283,-36203.58423223866,-39527.84662215378,-7589.638963233169,1857.285463608986,5168.829263620281
137,46255.82693313941,-36392.01381935869,-470317.1591307088,-306586.9829386379,-331139.49039863545,1750864.785998831,-1519104.8815315026,-1514789.5245707994,-1638986.5300130737,-285388.86858021375,74802.91301093812,191813.56538386684
138,-7425.764408058153,73.35927970496635,793.4297724014002,12679.199353239523,-17468.1759814689,15017.820008437751,-11414.63786888323,-7677.744023316699,-8156.17374214099,-12960.47268153232,2414.593444232753,9220.604658613409
139,50535.401451386104,-290116.95693898323,-443796.9741306772,22428.262534411773,-681867.9066358574,1036896.0286379607,-1252085.2080052432,-896656.993077585,-1206075.9493891024,481907.3422941431,742097.5923831137,-773742.4092010531
140,-100.75026763334681,633.580921335495,-908.1705165528139,404.4327263962901,-2619.3489196454407,3980.7604918679567,-3237.7928880349823,-2712.911456192884,-3066.5739124539773,-1220.9608998310373,-56.787496242435374,1015.2504986957513
141,347664.72087963467,-306089.1495002014,-3519350.037929466,-2257347.177779744,-2518113.680385939,13019790.358259305,-11341459.27637261,-11266253.98767785,-12219572.023748985,-2038493.8674448254,645190.6585963396,1312663.790970392
142,213328.3010873377,-274564.35572594055,-2134877.337874059,-1261773.137400118,-1654873.9202752456,7685109.330637119,-6817352.739988351,-6650252.002897157,-7295062.192812676,-976183.1618344184,624057.9555111545,465380.3229967311
143,32052.15845925223,-155546.3401314755,-291701.6606977056,-24590.635620553898,-402433.2939397855,763290.2126824388,-846815.7087506133,-658754.3115970878,-836941.1366005079,216295.70434432165,398594.5888482361,-381219.25565367256
144,-341.9000999485905,810.9708012854097,-1210.1221777046321,884.2938365602919,-3712.0740187754245,5592.1256821776615,-4544.880519186445,-3778.407427849918,-4277.303389968874,-2049.3817722625136,26.564515608391986,1641.4445377638592
145,292674.7871338209,-220615.65705721843,-2972804.6191560314,-1954172.2869890123,-2070607.2611554624,11090286.03556001,-9607615.169070909,-9597157.129725829,-10373473.68857207,-1834405.4754168042,444327.4889752357,1251831.6758529004
146,168769.43326327726,-115078.02336830343,-1729038.9472307465,-1136841.7738087028,-1208256.580941507,6470078.9739319915,-5592751.996025994,-5592505.285926724,-6039619.422032738,-1093754.4730383975,237540.5688548083,760585.9669981906
147,1702.0206829509248,697.4133904479561,-23200.31192218639,-11779.097682541333,-22279.446261914683,87894.59334421344,-75230.1818912549,-73464.33195808296,-79926.94495529034,-16630.147321242788,2744.4929776771005,12013.226669307167
148,1870.1362915868333,-1573.2670751386074,-24757.806040637784,-8011.848012164741,-29433.65622908814,86342.1535267769,-77727.58508234372,-71267.20342322536,-80549.20022358988,-9288.37280992022,10612.828256203436,2006.3588571482503
149,44682.115806687056,-70037.59711775696,-451787.0303835006,-240281.5317796682,-385326.5005333604,1588120.3518333186,-1430628.0850550332,-1369282.2248993313,-1519010.878058128,-161932.7503807986,174201.38732060938,40586.35373601786
150,58912.91821914268,-60412.229033108626,-594842.3348468891,-370057.6282463352,-439542.56137991516,2179209.3330501034,-1910699.4757349547,-1885372.4191443478,-2053317.0782262287,-318382.08838562295,132606.05477243324,188525.9171674304
151,146124.36193226575,-305803.66230878065,-1429693.2201431703,-696432.7571277575,-1284297.1035168145,4853502.602744274,-4479134.088339867,-4199813.756344397,-4723213.987992479,-295747.0566703296,737957.6340174724,-143338.45991465787
152,1368175.4581575044,-1070552.8473205953,-13880431.957532683,-9078105.115014564,-9721744.591178956,51685317.47018852,-44830087.56910856,-44727710.526028246,-48382064.95082652,-8447668.168867169,2178539.185093331,5696283.168398995
153,291.13113146506754,2044.0621202689154,-8669.588087090176,-1729.3970109533825,-12782.825055166613,33300.555651259994,-28006.84889435361,-25959.20078110465,-28795.076768432664,-7774.577529754939,666.2253952980252,5935.909766544801
154,50289.30041017508,-79804.34166908535,-513060.9396625207,-264831.051046032,-448854.5442806848,1796586.68416732,-1621880.440337012,-1545878.3389994812,-1718814.7405050064,-177149.10214405885,205257.565774492,36793.32605762142
155,34252.89018140048,-55401.5955004644,-344604.6664690475,-182727.35353699393,-293861.21818119736,1207980.3103796192,-1090336.2700633735,-1042344.3781811006,-1157346.6847674195,-119209.9584956624,136365.80342182476,25669.81956591674
156,1715398.9307310842,-1283974.695936104,-17419882.888037354,-11464952.477423389,-12115535.011877723,65007422.73513635,-56303433.11108051,-56256296.629668675,-60797946.16410387,-10776192.212854896,2578255.345459531,7370417.571882726
157,-164.98591448065605,1774.3120368357552,-2182.17750686492,1432.6117174766864,-6562.714382475534,8748.920054659699,-7077.797210240789,-5522.793920503053,-6559.032789792895,-2927.818642773288,6.629370642915813,2361.3582682514516
158,33584.654539138726,-34232.379006808376,-341168.2495170106,-209928.7568721317,-255703.5463690835,1248764.9235729307,-1095434.3153257594,-1079247.794946917,-1176255.7931152803,-181608.03304936417,77471.8920221543,106587.49124220443
159,64540.58769340346,-118853.8059847531,-636800.3084827738,-330290.3562804636,-548562.4048087158,2202750.231638703,-2007123.0608812768,-1905708.1567929909,-2126164.5296969637,-181833.77988877275,284077.296869971,-253.23754866497256
160,72267.1544382489,-114382.24867726854,-718966.640272926,-395784.89798703516,-592579.1931351095,2533552.6917773285,-2279711.072317665,-2191408.1976873814,-2425883.142999071,-262475.2701921934,269834.4650340587,72273.88601580488
161,308401.05205967365,-417004.97167904663,-3081879.205917587,-1794393.3300752921,-2421569.9882033174,11042563.85388779,-9825917.331515813,-9554759.663179165,-10501829.495927412,-1346998.4751049115,956780.7067443558,592604.6956525425
162,923578.8266708406,-668975.4642128216,-9387208.404920362,-6204217.442037079,-6498559.887355831,35085055.40477658,-30356643.99264081,-30361243.994937234,-32792077.224333376,-5873115.456755096,1330794.2157082031,4055467.3106368156
163,399965.370289554,-317983.02541592135,-4060671.7943442813,-2643798.9830417354,-2860079.173535956,15104255.419710943,-13109817.696624931,-13068475.118655205,-14143292.617873276,-2452546.3792998376,655266.1419481842,1641953.6722143784
164,109499.98917313726,-85414.08244462509,-1118161.146801363,-722098.2433541185,-796970.2095713298,4157846.3397689904,-3609081.545832407,-3593974.602171538,-3891314.495926269,-675035.6418788654,182316.62074833273,450913.1025528523
165,39732.67862912641,-25981.186873527808,-412072.6013784174,-267024.55958983954,-294201.18415385357,1541389.2112681153,-1332503.9812485639,-1330035.874986708,-1437465.0132857421,-260690.96245060037,57756.52772568444,180691.55738644887
166,8338.237989735599,-3476.4424026511274,-93756.11655432523,-53529.549494319974,-78138.74463170028,348556.7005241463,-301829.5183427253,-296663.65440008114,-322846.5481561131,-58486.65304365798,15735.056360164579,39101.007619990145
167,7726.560954144729,-4714.033395160723,-82467.42894594447,-52794.42475880407,-60354.992092126,309353.4711804647,-267206.76749265124,-266432.3686298586,-287949.9012858827,-52882.964342943385,11337.25618589236,36850.170948358886
168,232227.0438040931,-193717.15424661917,-2355448.1531081754,-1521992.1724936722,-1672897.2969425577,8739081.61765815,-7598015.612249433,-7561083.090099193,-8191604.179184673,-1395238.3701239135,404646.11332533276,917588.4235076918
169,1703522.3403376136,-3942933.600218149,-16559000.738202583,-7578077.085558771,-15453327.640782183,55246993.400702246,-51591108.79554171,-47804831.40618368,-54168752.03879064,-2248106.093047582,9599252.228822665,-3156280.9353011833
170,89083.52247888506,-64142.3284542922,-906990.3777954873,-599660.4508908382,-627812.2639842761,3391595.198354543,-2933868.629590784,-2934813.2988946964,-3169358.114951616,-569086.5106768735,127417.97200933626,393755.21013892477
171,-61.988509754576036,427.5844294281995,-720.619614728546,256.42228362733533,-2118.874252411963,3145.6304362332326,-2640.7762640793803,-2196.4356924149197,-2494.5297179985455,-746.9704800363374,85.96195758966532,558.3129845473184
172,-66.28543096280411,1550.0896890795063,-3977.346814766305,-27.5956099804879,-7759.1338975202025,16108.781122034152,-13286.238831034918,-11938.96154684662,-13293.259279289485,-4139.71873919672,111.93963845279389,3286.028193408665
173,1365.2642705644414,-174.81010922392213,-17554.703711156995,-9944.179994261973,-15211.703596644518,66514.58973772806,-57165.61913986371,-56357.664120369955,-61093.589052487216,-12096.349999339725,2237.823037105544,8612.639057675344
174,-278.3632196886609,1417.5296183396786,-622.6123748743953,1554.6972860638878,-4485.8931952484645,3365.100315353556,-2425.255024521354,-1353.4415500058901,-1766.8455111735088,-1590.2573679889488,-247.12843149029726,1412.4153819329645
175,947.417829636776,-353.21901059900694,-12220.937136739045,-7190.233663886679,-10189.597716635648,46452.37497272987,-40010.93541065126,-39581.65034564284,-42843.50109695479,-8347.507007343176,1594.2493166500885,5917.327184464343
176,1589.9415571112575,-554.5564502846174,-18741.46948050776,-10187.265227132402,-16537.074608244304,69710.31282476081,-60452.77504588532,-59052.675127955175,-64432.41980125811,-11638.74706497332,3329.9669333406387,7677.821955491542
177,-1332.6742042551707,7076.221602283501,-3050.293581716755,8798.025159932533,-20379.579199049913,14372.325517338246,-9664.170359263535,-4400.362249062579,-6540.791629652827,-8504.64418246372,-1509.0036127863495,7653.952891562374
178,1848.7731175607191,-1304.2793905024537,-20215.162498916026,-12915.652201616922,-14820.92795129958,75906.96116814557,-65723.01873784479,-65458.31894692952,-70786.3737120937,-12809.562217377352,2974.43383575511,8807.06720695595
179,304231.9588499034,-523695.0929423713,-3011487.540879338,-1607891.9712566778,-2539689.9849185795,10507739.837071767,-9517842.75156747,-9090228.408375584,-10104352.565832281,-971966.0499912559,1243401.1717900813,141148.45874960782
180,125816.32002382602,-116435.65620161271,-1272383.887062798,-809001.9535587773,-918891.549511287,4693401.387234135,-4096437.059938255,-4061288.2905998947,-4410280.98645465,-720014.8120295602,248477.3418944893,452978.4641109457
181,97656.29363504128,-79763.14622440838,-991149.0640217529,-643105.1610501822,-700926.5649318682,3682253.3469137605,-3198864.7569470084,-3186115.653251557,-3449916.0179232643,-592683.3655546588,165225.54604629453,393233.95357000205
182,419.2812235910589,1016.5430870164041,-8514.535195198616,-3161.5852235103525,-10191.330033791086,32604.007170800793,-27684.906156664478,-26449.18223611597,-28980.8999705734,-6782.378910403518,873.4309489531607,5026.54867850644
183,62641.09060942293,-53813.833671381195,-634830.880259116,-409045.5846633166,-452049.5434060057,2352524.2420844766,-2047251.2128927405,-2035795.0622070124,-2206599.9629730773,-372058.1553797022,112554.93977707143,242277.32117272264
184,42568.25941707806,-28243.10466391484,-468377.98337838886,-303621.1926567325,-334510.2101180494,1764210.3224557182,-1521538.5259886445,-1521619.1124524195,-1641885.1913162302,-307706.6083195233,60370.318511173915,217321.26499377273
185,55992.72060098428,-43208.812348613006,-573613.9899617495,-368845.7280481327,-411320.7614125375,2132701.9727775645,-1851244.8015022997,-1842544.1690925942,-1995415.6889901038,-346346.7173975141,93915.71247055662,231160.78482979108
186,20099.301408096508,-13329.711001087384,-212212.3363634757,-131673.72399867242,-160155.22250762614,789294.2221041836,-684515.3949165617,-678647.355151082,-736027.2746620502,-129666.28203762833,34880.62166721475,86688.0086262163
187,5969.03921408871,-8361.980320750266,-60424.00096694622,-34045.24634831077,-49163.17863196236,215488.24281279478,-192447.72040287487,-186157.48669213333,-205169.4672250335,-25133.106934891955,20062.007067601728,9911.940187409884
188,99836.87456416225,-171554.77983200017,-987240.9074413874,-529202.1707105006,-829646.2585282269,3446861.7847602256,-3121170.760038685,-2982717.0304764216,-3314360.284138775,-320538.5305347107,405598.5124048902,48855.7321201585
189,470582.33328296035,-514211.0600498674,-4737418.47031754,-2911109.7233893382,-3541604.22429521,17277914.14403956,-15193435.204894159,-14949459.72015412,-16310610.056570454,-2441601.133834025,1139395.748643772,1382327.3494462774
190,421299.1600975287,-361740.19440276956,-4273545.004758652,-2743438.568914193,-3057720.4656132776,15826100.817857271,-13775945.867045067,-13690556.850875378,-14844187.05953043,-2496835.373163418,766029.9717444617,1620358.2765732328
191,208499.9379006639,-150328.54103380744,-2121453.724900557,-1401708.9465233223,-1469606.8947808207,7930448.468145462,-6860986.8508174345,-6862129.492261757,-7411301.014795225,-1328978.5711414772,299661.16354484943,918440.7754577572
192,458291.72168927616,-718463.8060276143,-4550011.036130278,-2527155.4309783196,-3718834.946404527,16058265.693634778,-14434782.06562883,-13895816.266158864,-15370145.448662909,-1689383.4029394193,1679551.675674859,494812.020770726
193,6555.139687079969,-30439.67977575611,-61274.92825564401,-6533.875528946996,-83524.54857365401,164841.11599706428,-179291.68417330587,-141749.9803028727,-177979.316240911,40006.10183759444,79113.82380205947,-73302.88332351497
194,11676.733457188147,-9819.728179460644,-120440.06008080875,-75348.61929322347,-89221.72763425153,445373.25560001255,-388081.3729661324,-384326.10072759987,-417380.18478529574,-69665.97554082301,22701.75707158945,44522.54684757265
195,97734.36660789928,-134441.92211692993,-985689.4141209075,-558270.3606481928,-797200.2858778818,3518128.9123376603,-3137719.9499749797,-3038238.9115746375,-3347006.135920191,-416355.30698454235,321578.4988128726,169789.3780126592
196,76473.0219193846,-52131.60031339361,-790996.4200665902,-509507.0411565832,-568469.0903798208,2952451.3444837113,-2555625.612176195,-2547411.720899105,-2755520.4902041918,-493031.6254499992,117283.77272442168,337562.48400366935
197,196458.93962735462,-161800.48497554747,-1992505.863091942,-1291495.004920244,-1409987.585933518,7398711.362370056,-6429256.130900791,-6402038.327321077,-6933305.066942435,-1187495.785507632,335564.84728348523,785539.7993282932
198,236068.400356031,-160508.07397543706,-2412990.382427762,-1596204.4968059685,-1672409.8505776178,9037415.017998317,-7808250.9467100175,-7815494.969891993,-8436034.050622603,-1534215.219839729,322870.6242548484,1072227.7306198678
199,77147.14258253096,-75151.77209523386,-779174.5558774828,-490790.93795605586,-568336.727798548,2865259.6304624663,-2506172.641224279,-2479384.1982177803,-2695982.6857430064,-429709.4993061295,162210.23138259826,263131.01330003975
200,397890.5596166662,-422206.4380113148,-4006109.531219531,-2481986.097868849,-2969675.307942266,14645118.036704713,-12858664.378170002,-12673506.03014893,-13813322.366609108,-2105585.0001161494,926089.5957539546,1221357.5740064967
201,671148.6724828715,-533862.4194982074,-6809344.252236794,-4438918.342353781,-4787546.998306348,25331434.02509333,-21985074.224816237,-21919826.203501362,-23720461.427728124,-4115657.875584169,1094962.431474541,2757798.1348634246
202,57725.004110969945,-47886.901507862574,-585713.5692930854,-378969.02938351425,-415346.97807704454,2174196.442114381,-1889832.879366557,-1881227.9709341032,-2037695.3541554906,-348058.74609260674,99633.8448253283,229581.48209015882
203,1027.4424256658776,-491.934448324967,-11981.698621655052,-7174.656350589218,-9678.311988229496,45117.80387359815,-39014.363595253955,-38565.53116304919,-41821.58875090447,-7815.857506513929,1733.9984445934167,5415.575625910511
204,10520.785163925602,-6272.858006359629,-111884.14883356704,-70732.82886326399,-82954.12771914048,418690.339616593,-361891.9663253385,-360160.42628546513,-389683.78779541486,-71086.1953546935,16000.065784939878,49141.67375826578
205,106527.38131437537,-97145.29944428017,-1079780.8009026956,-685421.9250789128,-782023.8656979564,3984492.4373402037,-3476586.974874953,-3446546.4871683535,-3742593.988113349,-613453.3362821522,209262.99577093605,387202.34389948024
206,734291.7114301877,-620112.6623823493,-7439334.978796944,-4805543.319798742,-5282651.728594624,27587173.51330079,-23993316.187034395,-23872036.270846613,-25866670.736764625,-4388783.797964251,1292340.397905946,2876209.983678478
207,58296.24139784255,-118132.70511074144,-573519.6540771999,-281808.3515201979,-513254.56380883185,1955631.3912573971,-1799270.824195417,-1691000.7694482135,-1898654.1589629343,-129543.44859590592,286846.6599473188,-43932.60033747757
208,-206.1116580812355,1868.1973156821741,-2215.946028241362,1549.7291259309973,-6796.87486440382,9058.204942874576,-7219.6033753858155,-5663.306767354204,-6656.473020898869,-3026.8678990155977,-92.71321593791838,2493.2385864753337
209,-128.2054818880541,32.97300864695802,-1071.353523173397,-288.5761876923853,-1526.7102436098064,4695.1421689278295,-4062.941544433231,-3904.927244743753,-4204.25533786308,-1144.2877558677067,179.96283351874436,830.5215731604686
210,292994.24906953925,-235362.11101873472,-2971640.638748776,-1935346.4883492105,-2091226.9292031424,11050201.89860955,-9593309.66909107,-9562446.454247018,-10349628.369038975,-1790062.5860152997,483101.2677908915,1195922.2347858984
211,488256.60689774336,-426065.0701087672,-4943150.025000153,-3175524.3981641484,-3531179.513865083,18296633.535681963,-15932636.764097476,-15832399.448971136,-17168465.093865793,-2874664.5803436968,895897.4090104325,1858329.5267614198
212,26896.963792275932,-27331.521033728124,-280129.3840749719,-162974.17438898314,-223887.3338144757,1019053.6318257198,-896813.3149645482,-876489.1954877818,-959197.5481957378,-143253.23289545783,70752.29113993744,79083.49747664924
213,625200.5297220735,-455119.7608971951,-6363231.051654885,-4189541.4765649145,-4428027.145481189,23767917.594443843,-20572216.053960543,-20562072.444052007,-22216016.727485474,-3965347.96080937,918837.2620401818,2727599.6488271374
214,3199031.231841041,-3721493.439606818,-32128230.0665719,-19477183.18201164,-24327725.971064698,116626410.28885972,-102877592.19168308,-100916775.03027742,-110316894.48346666,-15885989.800207144,8324596.3023076225,8521915.421804288
215,37145.64759296899,-51468.79779393191,-375621.91730200185,-210986.5188610659,-306324.84993299807,1339054.2780979092,-1195217.937279304,-1155830.7451754527,-1274181.212253229,-156819.52006685038,124451.10328214742,62226.09301505605
216,286768.5786349394,-265747.2825626608,-2898614.2590285656,-1843563.8527814688,-2092418.3298446983,10691577.302028725,-9331937.473969439,-9251984.369294036,-10047084.832083251,-1639652.3071690607,566365.8674850111,1031275.4818670867
217,2162.8609006806255,-2915.746546431993,-22952.316252309574,-11945.324940675393,-20216.04684303215,81588.93573765835,-73022.5941107048,-69987.00147859512,-77458.2226281243,-9291.647525882781,8096.130458128957,3312.089587056813
218,276829.5112844209,-334658.3668562864,-2777584.156065224,-1667284.6550685053,-2123242.301955708,10051207.502866954,-8884929.795331096,-8696993.473412292,-9519655.060181925,-1334781.0883712533,754357.3602321582,687591.7247133347
219,871997.107800574,-639542.7960245911,-8860051.161738187,-5847014.664468186,-6143946.377932017,33096201.958757658,-28646585.94293599,-28640593.238900848,-30940642.30091992,-5520201.432425384,1276493.5495122566,3798479.8930420275
220,359.9790053795406,2618.7171754008646,-11500.142850927205,-2076.3566016972045,-17572.42217250002,43983.28967771041,-37031.418342086734,-34085.63070626064,-37899.1979957417,-9623.881656748785,1283.259457237753,7110.2964483449505
221,-36.253119565671206,646.753863114375,-1651.743458201269,90.91368646564636,-3228.9196790555998,6572.742815340383,-5478.055826660776,-4867.8043703833755,-5458.82415505532,-1647.3451765173168,115.9250030671219,1270.2807608351573
222,25146.473194084618,-17967.408409370943,-257752.35736879805,-170609.11703556642,-178436.71595442473,965044.6093613382,-834439.8471901213,-835035.079426246,-901468.9665119407,-162776.31523087498,35520.75105803727,113104.4597235987
223,6034.756695545263,-45861.535433202735,-53629.96464273062,21265.09345937809,-105999.6622052281,95267.90439923324,-142216.62283371994,-80186.55474831627,-127585.20585172297,94233.80021290024,122840.99266812523,-139763.2707166954
224,227760.19475886566,-239465.79092096855,-2294203.62323981,-1423931.2165482717,-1697727.7072638448,8392320.509762518,-7365475.465283054,-7262434.683597674,-7913502.569715675,-1212409.4347836426,524508.3455717987,707792.7901898826
225,128539.0719035098,-209640.31272045965,-1274113.984573378,-697253.2595067235,-1053847.5138888715,4476581.200768211,-4036348.22808552,-3873729.5772220986,-4292954.33194111,-448181.35009601474,492603.48519778013,106907.39119209597
226,131062.34986347306,-151767.58521362816,-1316821.2403278793,-799072.2508304096,-996360.428516906,4782145.2954165675,-4217404.722356883,-4137967.3419387727,-4522709.568676356,-653262.9095610458,339318.2469996037,351993.89542857517
